"www.denzai-net.jp","RE-100J|樹脂製レジスター 標準型","RE-100J","<th>商品情報</th> 
<td> 規格：標準型<br> 入数：1<br> 単位：個<br> </td>","792.0","1","","http://www.denzai-net.jp/item_airconditioning/RE-100J.htm",""
"www.denzai-net.jp","KIWAKU200|換気扇木枠 20センチ","KIWAKU200","<th>商品情報</th> 
<td> 規格：20cm用、□292mm(内寸250) t<br> 入数：1<br> 単位：組<br> </td>","1976.0","1","","http://www.denzai-net.jp/item_airconditioning/KIWAKU200.htm",""
"www.denzai-net.jp","FY-08ASED|ルームツーファン","FY-08ASED","<th>商品情報</th> 
<td> 規格：壁取付専用<br> 入数：1<br> 単位：台<br> </td>","14818.0","1","","http://www.denzai-net.jp/item_airconditioning/FY-08ASED.htm",""
"www.denzai-net.jp","FY-08FFA1|床下用換気扇","FY-08FFA1","<th>商品情報</th> 
<td> 規格：本体1台のみ<br> 入数：1<br> 単位：台<br> </td>","20488.0","1","","http://www.denzai-net.jp/item_airconditioning/FY-08FFA1.htm",""
"www.denzai-net.jp","FY-08WS2|窓取付形換気扇 排気","FY-08WS2","<th>商品情報</th> 
<td> 規格：水洗トイレ用　窓用換気扇<br> 入数：1<br> 単位：台<br> </td>","9634.0","1","","http://www.denzai-net.jp/item_airconditioning/FY-08WS2.htm",""
"www.denzai-net.jp","FY-10A2-W|Q-hiファン 同時給排形","FY-10A2-W","<th>商品情報</th> 
<td> 規格：薄型10畳用 ホワイト<br> 入数：1<br> 単位：台<br> </td>","18220.0","1","","http://www.denzai-net.jp/item_airconditioning/FY-10A2-W.htm",""
"www.denzai-net.jp","FY-12DZC1|中間ダクトファン","FY-12DZC1","<th>商品情報</th> 
<td> 規格：居室トイレ用 風圧式シャッタ<br> 入数：1<br> 単位：台<br> </td>","14256.0","1","","http://www.denzai-net.jp/item_airconditioning/FY-12DZC1.htm",""
"www.denzai-net.jp","FY-12E-W|Q-hiファン 天井埋込形","FY-12E-W","<th>商品情報</th> 
<td> 規格：熱交換タイプ 12畳用<br> 入数：1<br> 単位：台<br> </td>","51592.0","1","","http://www.denzai-net.jp/item_airconditioning/FY-12E-W.htm",""
"www.denzai-net.jp","FY-17B7|天井埋込形換気扇","FY-17B7","<th>商品情報</th> 
<td> 規格：鋼板製ルーバー別<br> 入数：1<br> 単位：個<br> </td>","10206.0","1","","http://www.denzai-net.jp/item_airconditioning/FY-17B7.htm",""
"www.denzai-net.jp","FY-20GSU3|低騒音形有圧換気扇","FY-20GSU3","<th>商品情報</th> 
<td> 規格：単相100V 15W<br> 入数：1<br> 単位：台<br> </td>","21298.0","1","","http://www.denzai-net.jp/item_airconditioning/FY-20GSU3.htm",""
"www.denzai-net.jp","FY-25GTU3|低騒音形有圧換気扇","FY-25GTU3","<th>商品情報</th> 
<td> 規格：三相200V 25W<br> 入数：1<br> 単位：台<br> </td>","22594.0","1","","http://www.denzai-net.jp/item_airconditioning/FY-25GTU3.htm",""
"www.denzai-net.jp","FY-60HJR3H-K|浅形レンジフード","FY-60HJR3H-K","<th>商品情報</th> 
<td> 規格：W60ｃｍ 丸ダクト接続<br> 入数：1<br> 単位：台<br> </td>","53698.0","1","","http://www.denzai-net.jp/item_airconditioning/FY-60HJR3H-K.htm",""
"www.denzai-net.jp","FY-GAS1053|有圧換気扇用シャッター","FY-GAS1053","<th>商品情報</th> 
<td> 規格：風圧式 鋼板製<br> 入数：1<br> 単位：個<br> </td>","63094.0","1","","http://www.denzai-net.jp/item_airconditioning/FY-GAS1053.htm",""
"www.denzai-net.jp","P-01DHMS|ドレン排出部材","P-01DHMS","<th>商品情報</th> 
<td> 入数：1<br> 単位：個<br> </td>","4104.0","1","","http://www.denzai-net.jp/item_airconditioning/P-01DHMS.htm",""
"www.denzai-net.jp","AD|親子式インターホン玄関子機","AD","<th>商品情報</th> 
<td> 規格：1個用ボックス取付可能<br> 入数：1<br> 単位：個<br> </td>","1642.0","1","","http://www.denzai-net.jp/item_media/AD.htm",""
"www.denzai-net.jp","NB-L-C|ナースコール","NB-L-C","<th>商品情報</th> 
<td> 規格：天井埋込型子機<br> 入数：1<br> 単位：台<br> </td>","5184.0","1","","http://www.denzai-net.jp/item_media/NB-L-C.htm",""
"www.denzai-net.jp","2DB1C|2分配器 屋外用","2DB1C","<th>商品情報</th> 
<td> 規格：入・出力1端子間通電<br> 入数：1<br> 単位：個<br> </td>","3305.0","1","","http://www.denzai-net.jp/item_media/2DB1C.htm",""
"www.denzai-net.jp","GRK-25N|ステー金具","GRK-25N","<th>商品情報</th> 
<td> 規格：25φマスト用<br> 入数：1<br> 単位：個<br> </td>","162.0","1","","http://www.denzai-net.jp/item_media/GRK-25N.htm",""
"www.denzai-net.jp","HP-7A|テレビコンセントプラグ","HP-7A","<th>商品情報</th> 
<td> 入数：1<br> 単位：個<br> </td>","292.0","1","","http://www.denzai-net.jp/item_media/HP-7A.htm",""
"www.denzai-net.jp","MC0002C|CS/BS-IF CAUHF混合器","MC0002C","<th>商品情報</th> 
<td> 規格：屋外用<br> 入数：1<br> 単位：個<br> </td>","3618.0","1","","http://www.denzai-net.jp/item_media/MC0002C.htm",""
"www.denzai-net.jp","WTS71H|直列ユニット 直付タイプ","WTS71H","<th>商品情報</th> 
<td> 規格：中間用<br> 入数：1<br> 単位：個<br> </td>","1026.0","1","","http://www.denzai-net.jp/item_media/WTS71H.htm",""
"www.denzai-net.jp","HK11|感知器取付金具セット　１０組入","HK11","<th>商品情報</th> 
<td> 規格：一般形鋼用(LF1_FZ1)<br> 入数：1<br> 単位：セット<br> </td>","1588.0","1","","http://www.denzai-net.jp/item_security/HK11.htm",""
"www.denzai-net.jp","77A30A|CATV770MHZブースタ","77A30A","<th>商品情報</th> 
<td> 規格：双方向 屋内用<br> 入数：1<br> 単位：台<br> </td>","26136.0","1","","http://www.denzai-net.jp/item_media/77A30A.htm",""
"www.denzai-net.jp","ATT10|減衰器 F型","ATT10","<th>商品情報</th> 
<td> 規格：10ｄＢ<br> 入数：1<br> 単位：個<br> </td>","2052.0","1","","http://www.denzai-net.jp/item_media/ATT10.htm",""
"www.denzai-net.jp","BC45R|BS・CSアンテナ","BC45R","<th>商品情報</th> 
<td> 規格：45センチ 右旋円偏波<br> 入数：1<br> 単位：台<br> </td>","6264.0","1","","http://www.denzai-net.jp/item_media/BC45R.htm",""
"www.denzai-net.jp","CM120|マスト接続金具","CM120","<th>商品情報</th> 
<td> 規格：90?125ミリ<br> 入数：1<br> 単位：個<br> </td>","3089.0","1","","http://www.denzai-net.jp/item_media/CM120.htm",""
"www.denzai-net.jp","CS-77F-7W|BL型直列ユニット","CS-77F-7W","<th>商品情報</th> 
<td> 規格：F型シールド型 中間用<br> 入数：1<br> 単位：個<br> </td>","4752.0","1","","http://www.denzai-net.jp/item_media/CS-77F-7W.htm",""
"www.denzai-net.jp","MC-UV-7|BL型VUミキサー","MC-UV-7","<th>商品情報</th> 
<td> 規格：F型 屋外用<br> 入数：1<br> 単位：個<br> </td>","5184.0","1","","http://www.denzai-net.jp/item_media/MC-UV-7.htm",""
"www.denzai-net.jp","VEDA10H|ドアホンアダプター","VEDA10H","<th>商品情報</th> 
<td> 入数：1<br> 単位：台<br> </td>","8100.0","1","","http://www.denzai-net.jp/item_media/VEDA10H.htm",""
"www.denzai-net.jp","VL-862W|玄関電話 1形 スピーカー","VL-862W","<th>商品情報</th> 
<td> 規格：呼出増設用<br> 入数：1<br> 単位：台<br> </td>","1890.0","1","","http://www.denzai-net.jp/item_media/VL-862W.htm",""
"www.denzai-net.jp","OP10-2G|ワゴンモール　ＯＰ１０型","OP10-2G","<th>商品情報</th> 
<td> 規格：2ｍ グレー<br> 入数：1<br> 単位：本<br> </td>","4104.0","1","","http://www.denzai-net.jp/item_mall-duct/OP10-2G.htm",""
"www.denzai-net.jp","OPB-16G|分岐ボックス","OPB-16G","<th>商品情報</th> 
<td> 規格：ベース無 グレー<br> 入数：1<br> 単位：個<br> </td>","680.0","1","","http://www.denzai-net.jp/item_mall-duct/OPB-16G.htm",""
"www.denzai-net.jp","OPD-4G|ＯＰ４用出ズミ","OPD-4G","<th>商品情報</th> 
<td> 規格：グレー<br> 入数：1<br> 単位：個<br> </td>","270.0","1","","http://www.denzai-net.jp/item_mall-duct/OPD-4G.htm",""
"www.denzai-net.jp","OPE-10G|ＯＰ１０用エンド","OPE-10G","<th>商品情報</th> 
<td> 規格：グレー<br> 入数：1<br> 単位：個<br> </td>","151.0","1","","http://www.denzai-net.jp/item_mall-duct/OPE-10G.htm",""
"www.denzai-net.jp","OPLM-4G|ＯＰ４Ｌ用曲ガリ","OPLM-4G","<th>商品情報</th> 
<td> 規格：釘穴加工 グレー<br> 入数：1<br> 単位：個<br> </td>","162.0","1","","http://www.denzai-net.jp/item_mall-duct/OPLM-4G.htm",""
"www.denzai-net.jp","OPML-4SG|モールジョイントＳ","OPML-4SG","<th>商品情報</th> 
<td> 規格：OP4←→プラモール グレー<br> 入数：1<br> 単位：個<br> </td>","184.0","1","","http://www.denzai-net.jp/item_mall-duct/OPML-4SG.htm",""
"www.denzai-net.jp","OPT-10G|ＯＰ１０用チーズ","OPT-10G","<th>商品情報</th> 
<td> 規格：釘穴加工 グレー<br> 入数：1<br> 単位：個<br> </td>","691.0","1","","http://www.denzai-net.jp/item_mall-duct/OPT-10G.htm",""
"www.denzai-net.jp","OPX-4G|ＯＰ４用クロス","OPX-4G","<th>商品情報</th> 
<td> 規格：釘穴加工 グレー<br> 入数：1<br> 単位：個<br> </td>","270.0","1","","http://www.denzai-net.jp/item_mall-duct/OPX-4G.htm",""
"www.denzai-net.jp","BTC-110|ケーブル被覆保護カバー 50個入","BTC-110","<th>商品情報</th> 
<td> 規格：W11-L100ミリ<br> 入数：1<br> 単位：箱<br> </td>","648.0","1","","http://www.denzai-net.jp/item_conduit-pipe-accessories/BTC-110.htm",""
"www.denzai-net.jp","ZLF0|ラッシングロッド０号　茶　１３?１８ミリ用Ｌ７５０ミリ","ZLF0","<th>商品情報</th> 
<td> 規格：13?18ミリ用L750ミリ<br> 入数：1<br> 単位：本<br> </td>","99.0","1","","http://www.denzai-net.jp/item_conduit-pipe-accessories/ZLF0.htm",""
"www.denzai-net.jp","DLE15E|Eハンガーエンドキャップ","DLE15E","<th>商品情報</th> 
<td> 規格：15型用(ネグロス電工の類似品番：EC15)<br> 入数：1<br> 単位：個<br> </td>","65.0","1","","http://www.denzai-net.jp/item_conduit-pipe-accessories/DLE15E.htm",""
"www.denzai-net.jp","DLE30A3|Eハンガー中間支持D1","DLE30A3","<th>商品情報</th> 
<td> 規格：W3/8用<br> 入数：1<br> 単位：個<br> </td>","319.0","1","","http://www.denzai-net.jp/item_conduit-pipe-accessories/DLE30A3.htm",""
"www.denzai-net.jp","DLEF3|吊りボルト振れ止め金具","DLEF3","<th>商品情報</th> 
<td> 規格：片側用 W3/8<br> 入数：1<br> 単位：個<br> </td>","132.0","1","","http://www.denzai-net.jp/item_conduit-pipe-accessories/DLEF3.htm",""
"www.denzai-net.jp","DLEN3|Eハンガー吊金具用中ナット 20個入","DLEN3","<th>商品情報</th> 
<td> 規格：W3/8<br> 入数：1<br> 単位：箱<br> </td>","713.0","1","","http://www.denzai-net.jp/item_conduit-pipe-accessories/DLEN3.htm",""
"www.denzai-net.jp","DM4114|パナチューブ防虫キャップ","DM4114","<th>商品情報</th> 
<td> 規格：T14<br> 入数：1<br> 単位：個<br> </td>","8.0","1","","http://www.denzai-net.jp/item_conduit-pipe-accessories/DM4114.htm",""
"www.denzai-net.jp","DM801|配管取付枠 1コ用","DM801","<th>商品情報</th> 
<td> 規格：1コ用<br> 入数：1<br> 単位：個<br> </td>","48.0","1","","http://www.denzai-net.jp/item_conduit-pipe-accessories/DM801.htm",""
"www.denzai-net.jp","DS5225|ねじなし径違ニップル 25-19","DS5225","<th>商品情報</th> 
<td> 規格：25-19<br> 入数：1<br> 単位：個<br> </td>","75.0","1","","http://www.denzai-net.jp/item_conduit-pipe-accessories/DS5225.htm",""
"www.denzai-net.jp","F-4N|FVクリッパー","F-4N","<th>商品情報</th> 
<td> 入数：1<br> 単位：個<br> </td>","40.0","1","","http://www.denzai-net.jp/item_conduit-pipe-accessories/F-4N.htm",""
"www.denzai-net.jp","SKS-18|SUS製片サドル 10個入","SKS-18","<th>商品情報</th> 
<td> 規格：VE14（18.0φ）<br> 入数：1<br> 単位：袋<br> </td>","410.0","1","","http://www.denzai-net.jp/item_conduit-pipe-accessories/SKS-18.htm",""
"www.denzai-net.jp","2K-100|２号コネクター","2K-100","<th>商品情報</th> 
<td> 規格：VE100用グレー 高耐候性<br> 入数：1<br> 単位：個<br> </td>","3791.0","1","","http://www.denzai-net.jp/item_conduit-pipe-accessories/2K-100.htm",""
"www.denzai-net.jp","2K-14DB|２号コネクター","2K-14DB","<th>商品情報</th> 
<td> 規格：VE14用 濃紺 高耐候性<br> 入数：1<br> 単位：セット<br> </td>","713.0","1","","http://www.denzai-net.jp/item_conduit-pipe-accessories/2K-14DB.htm",""
"www.denzai-net.jp","3C-14|伸縮カップリング","3C-14","<th>商品情報</th> 
<td> 規格：VE14用 グレー 高耐候性<br> 入数：1<br> 単位：個<br> </td>","91.0","1","","http://www.denzai-net.jp/item_conduit-pipe-accessories/3C-14.htm",""
"www.denzai-net.jp","3C-14DB|伸縮カップリング","3C-14DB","<th>商品情報</th> 
<td> 規格：VE14用 濃紺 高耐候性<br> 入数：1<br> 単位：個<br> </td>","91.0","1","","http://www.denzai-net.jp/item_conduit-pipe-accessories/3C-14DB.htm",""
"www.denzai-net.jp","B-14|ビニルブッシング","B-14","<th>商品情報</th> 
<td> 規格：VE14用 グレー 高耐候性<br> 入数：1<br> 単位：個<br> </td>","50.0","1","","http://www.denzai-net.jp/item_conduit-pipe-accessories/B-14.htm",""
"www.denzai-net.jp","B-14DB|ビニルブッシング","B-14DB","<th>商品情報</th> 
<td> 規格：VE14用 濃紺 高耐候性<br> 入数：1<br> 単位：個<br> </td>","50.0","1","","http://www.denzai-net.jp/item_conduit-pipe-accessories/B-14DB.htm",""
"www.denzai-net.jp","GFC-1|ガードフックル","GFC-1","<th>商品情報</th> 
<td> 規格：C型鋼用 ツバ15?20MM<br> 入数：1<br> 単位：セット<br> </td>","4752.0","1","","http://www.denzai-net.jp/item_conduit-pipe-accessories/GFC-1.htm",""
"www.denzai-net.jp","MEC-14|エントランスキャップ","MEC-14","<th>商品情報</th> 
<td> 規格：VE14用 グレー 高耐候性<br> 入数：1<br> 単位：個<br> </td>","356.0","1","","http://www.denzai-net.jp/item_conduit-pipe-accessories/MEC-14.htm",""
"www.denzai-net.jp","MEC-14DB|エントランスキャップ","MEC-14DB","<th>商品情報</th> 
<td> 規格：VE14用 濃紺 高耐候性<br> 入数：1<br> 単位：個<br> </td>","356.0","1","","http://www.denzai-net.jp/item_conduit-pipe-accessories/MEC-14DB.htm",""
"www.denzai-net.jp","MTC-14|ターミナルキャップ","MTC-14","<th>商品情報</th> 
<td> 規格：VE14用 グレー 高耐候性<br> 入数：1<br> 単位：個<br> </td>","356.0","1","","http://www.denzai-net.jp/item_conduit-pipe-accessories/MTC-14.htm",""
"www.denzai-net.jp","N-14|ノーマルベンド","N-14","<th>商品情報</th> 
<td> 規格：VE14用 グレー 高耐候性<br> 入数：1<br> 単位：個<br> </td>","108.0","1","","http://www.denzai-net.jp/item_conduit-pipe-accessories/N-14.htm",""
"www.denzai-net.jp","CE1|被覆付閉端接続子","CE1","<th>商品情報</th> 
<td> 規格：CE型0.5?1.75用 100個<br> 入数：1<br> 単位：袋<br> </td>","624.0","1","","http://www.denzai-net.jp/item_tape/CE1.htm",""
"www.denzai-net.jp","D100A|圧着銅管端子D型 穴アリ","D100A","<th>商品情報</th> 
<td> 規格：D-100A<br> 入数：1<br> 単位：個<br> </td>","879.0","1","","http://www.denzai-net.jp/item_tape/D100A.htm",""
"www.denzai-net.jp","NDC2420|圧接形中継コネクタ 20個入","NDC2420","<th>商品情報</th> 
<td> 入数：1<br> 単位：箱<br> </td>","324.0","1","","http://www.denzai-net.jp/item_tape/NDC2420.htm",""
"www.denzai-net.jp","SB1210|防水形圧着スリーブ100コ入","SB1210","<th>商品情報</th> 
<td> 規格：10 黄透明<br> 入数：1<br> 単位：箱<br> </td>","4860.0","1","","http://www.denzai-net.jp/item_tape/SB1210.htm",""
"www.denzai-net.jp","SR1.25-3.5C|防水形圧着端子100コ入","SR1.25-3.5C","<th>商品情報</th> 
<td> 規格：1.25-3.5C 赤透明<br> 入数：1<br> 単位：箱<br> </td>","5378.0","1","","http://www.denzai-net.jp/item_tape/SR1_25-3_5C.htm",""
"www.denzai-net.jp","T11|分岐接続用T型コネクタ100コ入","T11","<th>商品情報</th> 
<td> 入数：1<br> 単位：箱<br> </td>","5821.0","1","","http://www.denzai-net.jp/item_tape/T11.htm",""
"www.denzai-net.jp","TIC0.5BK|絶縁キャップ 黒 1000個入","TIC0.5BK","<th>商品情報</th> 
<td> 規格：裸端子用 0.5゜用<br> 入数：1<br> 単位：袋<br> </td>","2084.0","1","","http://www.denzai-net.jp/item_tape/TIC0_5BK.htm",""
"www.denzai-net.jp","TMDEN280509-FA|差込型接続端子 FA型100コ入","TMDEN280509-FA","<th>商品情報</th> 
<td> 規格：絶縁ナイロン被覆 赤透明<br> 入数：1<br> 単位：箱<br> </td>","1652.0","1","","http://www.denzai-net.jp/item_tape/TMDEN280509-FA.htm",""
"www.denzai-net.jp","F1|一般安全標識(設備標識)(ラミネート)","F1","<th>商品情報</th> 
<td> 規格：発電設備 300×450<br> 入数：1<br> 単位：枚<br> </td>","1350.0","1","","http://www.denzai-net.jp/item_tape/F1.htm",""
"www.denzai-net.jp","R33|ラベル(高圧危険タテ)","R33","<th>商品情報</th> 
<td> 規格：高圧危険 タテ 60×200<br> 入数：1<br> 単位：枚<br> </td>","173.0","1","","http://www.denzai-net.jp/item_tape/R33.htm",""
"www.denzai-net.jp","C-M6-CN|特殊ナット","C-M6-CN","<th>商品情報</th> 
<td> 規格：蝶ナット M6 20個入<br> 入数：1<br> 単位：袋<br> </td>","242.0","1","","http://www.denzai-net.jp/item_tape/C-M6-CN.htm",""
"www.denzai-net.jp","PBC18-2030|蝶番付ポリカボックス透明カバー付","PBC18-2030","<th>商品情報</th> 
<td> 規格：182×198×300<br> 入数：1<br> 単位：面<br> </td>","10800.0","1","","http://www.denzai-net.jp/item_panelboard-box/PBC18-2030.htm",""
"www.denzai-net.jp","SCF12-1515|ステンレスSCF形ボックス","SCF12-1515","<th>商品情報</th> 
<td> 規格：150×150×120<br> 入数：1<br> 単位：面<br> </td>","15984.0","1","","http://www.denzai-net.jp/item_panelboard-box/SCF12-1515.htm",""
"www.denzai-net.jp","SM-11B|ステンレス引込計器盤キャビネット(水切、防塵・防水パッキン付)","SM-11B","<th>商品情報</th> 
<td> 規格：300×400×200<br> 入数：1<br> 単位：面<br> </td>","50004.0","1","","http://www.denzai-net.jp/item_panelboard-box/SM-11B.htm",""
"www.denzai-net.jp","SORB12-34|ステンレス屋外用制御盤キャビネット〔電話用端子収納用キャビネット〕","SORB12-34","<th>商品情報</th> 
<td> 規格：300×400×120 片扉<br> 入数：1<br> 単位：面<br> </td>","25380.0","1","","http://www.denzai-net.jp/item_panelboard-box/SORB12-34.htm",""
"www.denzai-net.jp","BQ30042WK|ホ-ムC メインナシ","BQ30042WK","<th>商品情報</th> 
<td> 規格：41731<br> 入数：1<br> 単位：面<br> </td>","5940.0","1","","http://www.denzai-net.jp/item_panelboard-box/BQ30042WK.htm",""
"www.denzai-net.jp","BQAH35142K|コンパクトタテ形AL付","BQAH35142K","<th>商品情報</th> 
<td> 規格：５０Ａ　１４＋２<br> 入数：1<br> 単位：面<br> </td>","43416.0","1","","http://www.denzai-net.jp/item_panelboard-box/BQAH35142K.htm",""
"www.denzai-net.jp","BQAH36222K|コンパクトタテ形AL付","BQAH36222K","<th>商品情報</th> 
<td> 規格：６０Ａ　２２＋２<br> 入数：1<br> 単位：面<br> </td>","55512.0","1","","http://www.denzai-net.jp/item_panelboard-box/BQAH36222K.htm",""
"www.denzai-net.jp","BQAH37222|コンパクトタテ形AL付","BQAH37222","<th>商品情報</th> 
<td> 規格：７５Ａ　２２＋２<br> 入数：1<br> 単位：面<br> </td>","59940.0","1","","http://www.denzai-net.jp/item_panelboard-box/BQAH37222.htm",""
"www.denzai-net.jp","BQE34103H|L付40A10+3","BQE34103H","<th>商品情報</th> 
<td> 規格：ＰＶ単３用<br> 入数：1<br> 単位：面<br> </td>","33804.0","1","","http://www.denzai-net.jp/item_panelboard-box/BQE34103H.htm",""
"www.denzai-net.jp","BQR3362|コンパクト21住宅分電盤","BQR3362","<th>商品情報</th> 
<td> 規格：30A 6+2<br> 入数：1<br> 単位：面<br> </td>","13932.0","1","","http://www.denzai-net.jp/item_panelboard-box/BQR3362.htm",""
"www.denzai-net.jp","HCB13E-100|HCB形ホーム分電盤","HCB13E-100","<th>商品情報</th> 
<td> 規格：30Aメイン 10回路<br> 入数：1<br> 単位：面<br> </td>","18090.0","1","","http://www.denzai-net.jp/item_panelboard-box/HCB13E-100.htm",""
"www.denzai-net.jp","HCB13E4-100|HCB形ホーム分電盤","HCB13E4-100","<th>商品情報</th> 
<td> 規格：40Aメイン 10回路<br> 入数：1<br> 単位：面<br> </td>","21384.0","1","","http://www.denzai-net.jp/item_panelboard-box/HCB13E4-100.htm",""
"www.denzai-net.jp","HCB13E5-100|HCB形ホーム分電盤","HCB13E5-100","<th>商品情報</th> 
<td> 規格：50Aメイン 10回路<br> 入数：1<br> 単位：面<br> </td>","21384.0","1","","http://www.denzai-net.jp/item_panelboard-box/HCB13E5-100.htm",""
"www.denzai-net.jp","HCB13E6-100|HCB形ホーム分電盤","HCB13E6-100","<th>商品情報</th> 
<td> 規格：60Aメイン 10回路<br> 入数：1<br> 単位：面<br> </td>","21384.0","1","","http://www.denzai-net.jp/item_panelboard-box/HCB13E6-100.htm",""
"www.denzai-net.jp","HCB13E7-102|HCB型ホーム分電盤","HCB13E7-102","<th>商品情報</th> 
<td> 規格：75Aメイン 10回路2SP<br> 入数：1<br> 単位：面<br> </td>","27162.0","1","","http://www.denzai-net.jp/item_panelboard-box/HCB13E7-102.htm",""
"www.denzai-net.jp","HCB3E10-164|HCB型ホーム分電盤","HCB3E10-164","<th>商品情報</th> 
<td> 規格：100Aメイン 16回路4SP<br> 入数：1<br> 単位：面<br> </td>","38772.0","1","","http://www.denzai-net.jp/item_panelboard-box/HCB3E10-164.htm",""
"www.denzai-net.jp","BS210B2|動力用押釦開閉器","BS210B2","<th>商品情報</th> 
<td> 規格：2P10A ON_OFF 露出型<br> 入数：1<br> 単位：個<br> </td>","896.0","1","","http://www.denzai-net.jp/item_timeswitch-breaker/BS210B2.htm",""
"www.denzai-net.jp","BSH221OF|操作用押釦開閉器","BSH221OF","<th>商品情報</th> 
<td> 規格：露出型 OFF 1ｂ<br> 入数：1<br> 単位：個<br> </td>","572.0","1","","http://www.denzai-net.jp/item_timeswitch-breaker/BSH221OF.htm",""
"www.denzai-net.jp","HMU181|可逆電磁接触器","HMU181","<th>商品情報</th> 
<td> 規格：一体構造形 18A 100V<br> 入数：1<br> 単位：個<br> </td>","7722.0","1","","http://www.denzai-net.jp/item_timeswitch-breaker/HMU181.htm",""
"www.denzai-net.jp","FE1E2P|電子点灯管","FE1E2P","<th>商品情報</th> 
<td> 入数：1<br> 単位：個<br> </td>","821.0","1","","http://www.denzai-net.jp/item_lamp/FE1E2P.htm",""
"www.denzai-net.jp","FHC20ECW/H|スリムパルックプレミア蛍光灯","FHC20ECW/H","<th>商品情報</th> 
<td> 規格：丸形 20形 クール色<br> 入数：1<br> 単位：個<br> </td>","1134.0","1","","http://www.denzai-net.jp/item_lamp/FHC20ECW_H.htm",""
"www.denzai-net.jp","FHF16EXDH|Hf蛍光灯パルック","FHF16EXDH","<th>商品情報</th> 
<td> 規格：16形ｄａｙ<br> 入数：1<br> 単位：本<br> </td>","810.0","1","","http://www.denzai-net.jp/item_lamp/FHF16EXDH.htm",""
"www.denzai-net.jp","FHP23EL|Hfツイン1蛍光灯","FHP23EL","<th>商品情報</th> 
<td> 規格：パルック電球色　23形<br> 入数：1<br> 単位：個<br> </td>","1264.0","1","","http://www.denzai-net.jp/item_lamp/FHP23EL.htm",""
"www.denzai-net.jp","FHT16EXL|ツイン3蛍光灯","FHT16EXL","<th>商品情報</th> 
<td> 入数：1<br> 単位：個<br> </td>","1534.0","1","","http://www.denzai-net.jp/item_lamp/FHT16EXL.htm",""
"www.denzai-net.jp","FL10D_pana|直管蛍光灯 昼光色 10W スタータ形","FL10D_pana","<th>商品情報</th> 
<td> 規格：10W スタータ形<br> 入数：1<br> 単位：本<br> </td>","227.0","1","","http://www.denzai-net.jp/item_lamp/FL10D_pana.htm",""
"www.denzai-net.jp","FML13EXL|ツイン蛍光灯 電球色","FML13EXL","<th>商品情報</th> 
<td> 規格：13W ツイン2パラレル<br> 入数：1<br> 単位：個<br> </td>","1177.0","1","","http://www.denzai-net.jp/item_lamp/FML13EXL.htm",""
"www.denzai-net.jp","FMR96EXLA|ツイン2パラレル蛍光灯","FMR96EXLA","<th>商品情報</th> 
<td> 入数：1<br> 単位：個<br> </td>","3262.0","1","","http://www.denzai-net.jp/item_lamp/FMR96EXLA.htm",""
"www.denzai-net.jp","FPL13EXD|ツイン蛍光灯 パルックDAY","FPL13EXD","<th>商品情報</th> 
<td> 規格：13W ツイン1<br> 入数：1<br> 単位：個<br> </td>","907.0","1","","http://www.denzai-net.jp/item_lamp/FPL13EXD.htm",""
"www.denzai-net.jp","GL20|殺菌灯","GL20","<th>商品情報</th> 
<td> 規格：10×10<br> 入数：1<br> 単位：個<br> </td>","2117.0","1","","http://www.denzai-net.jp/item_lamp/GL20.htm",""
"www.denzai-net.jp","HCI-TS150W/NDL/PB|セラミックメタルハライドランプ 両口金150W 4200K","HCI-TS150W/NDL/PB","<th>商品情報</th> 
<td> 規格：両口金150W 4200K<br> 入数：1<br> 単位：個<br> </td>","8316.0","1","","http://www.denzai-net.jp/item_lamp/HCI-TS150W_NDL_PB.htm",""
"www.denzai-net.jp","MA323810|機器取付ボックス","MA323810","<th>商品情報</th> 
<td> 入数：1<br> 単位：個<br> </td>","8424.0","1","","http://www.denzai-net.jp/item_panelboard-box/MA323810.htm",""
"www.denzai-net.jp","MAB310182|住宅用分電盤","MAB310182","<th>商品情報</th> 
<td> 規格：100Aメイン 18+2回路<br> 入数：1<br> 単位：面<br> </td>","37152.0","1","","http://www.denzai-net.jp/item_panelboard-box/MAB310182.htm",""
"www.denzai-net.jp","MAB33042|住宅用分電盤","MAB33042","<th>商品情報</th> 
<td> 規格：30Aメイン 4+2回路<br> 入数：1<br> 単位：面<br> </td>","10260.0","1","","http://www.denzai-net.jp/item_panelboard-box/MAB33042.htm",""
"www.denzai-net.jp","MAB35042|住宅用分電盤","MAB35042","<th>商品情報</th> 
<td> 規格：50Aメイン 4+2回路<br> 入数：1<br> 単位：面<br> </td>","11556.0","1","","http://www.denzai-net.jp/item_panelboard-box/MAB35042.htm",""
"www.denzai-net.jp","MAB37122|住宅用分電盤","MAB37122","<th>商品情報</th> 
<td> 規格：75Aメイン 12+2回路<br> 入数：1<br> 単位：面<br> </td>","26460.0","1","","http://www.denzai-net.jp/item_panelboard-box/MAB37122.htm",""
"www.denzai-net.jp","MAG34042|住宅用分電盤","MAG34042","<th>商品情報</th> 
<td> 規格：40Aメイン 4+2回路<br> 入数：1<br> 単位：面<br> </td>","13500.0","1","","http://www.denzai-net.jp/item_panelboard-box/MAG34042.htm",""
"www.denzai-net.jp","MAG36042|住宅用分電盤","MAG36042","<th>商品情報</th> 
<td> 規格：60Aメイン 4+2回路<br> 入数：1<br> 単位：面<br> </td>","13500.0","1","","http://www.denzai-net.jp/item_panelboard-box/MAG36042.htm",""
"www.denzai-net.jp","P-1AN|プラスチック計器箱 単相小","P-1AN","<th>商品情報</th> 
<td> 規格：単相小<br> 入数：1<br> 単位：面<br> </td>","1436.0","1","","http://www.denzai-net.jp/item_panelboard-box/P-1AN.htm",""
"www.denzai-net.jp","B10-23|盤用キャビネット・露出形木製基板フカサ100mm","B10-23","<th>商品情報</th> 
<td> 規格：200×300×100<br> 入数：1<br> 単位：面<br> </td>","6458.0","1","","http://www.denzai-net.jp/item_panelboard-box/B10-23.htm",""
"www.denzai-net.jp","B12-105-2L|熱機器収納キャビネット木製基板付","B12-105-2L","<th>商品情報</th> 
<td> 規格：1000×500×120 両扉<br> 入数：1<br> 単位：面<br> </td>","34668.0","1","","http://www.denzai-net.jp/item_panelboard-box/B12-105-2L.htm",""
"www.denzai-net.jp","BP11-12|パッキン","BP11-12","<th>商品情報</th> 
<td> 入数：1<br> 単位：個<br> </td>","5119.0","1","","http://www.denzai-net.jp/item_panelboard-box/BP11-12.htm",""
"www.denzai-net.jp","BP12-1515GK-Z|検針窓","BP12-1515GK-Z","<th>商品情報</th> 
<td> 入数：1<br> 単位：枚<br> </td>","2419.0","1","","http://www.denzai-net.jp/item_panelboard-box/BP12-1515GK-Z.htm",""
"www.denzai-net.jp","CD16-33A|CD形コントロールボックス(防塵・防水構造)","CD16-33A","<th>商品情報</th> 
<td> 規格：300×300×160 片扉<br> 入数：1<br> 単位：面<br> </td>","17388.0","1","","http://www.denzai-net.jp/item_panelboard-box/CD16-33A.htm",""
"www.denzai-net.jp","D30-1010|D形デスクキャビネット(防塵・防水パッキン付)","D30-1010","<th>商品情報</th> 
<td> 規格：1000×1000×300 両扉<br> 入数：1<br> 単位：面<br> </td>","101412.0","1","","http://www.denzai-net.jp/item_panelboard-box/D30-1010.htm",""
"www.denzai-net.jp","FOK-1A|FRP樹脂製仮設分電盤ボックス","FOK-1A","<th>商品情報</th> 
<td> 規格：600×610×200<br> 入数：1<br> 単位：面<br> </td>","70308.0","1","","http://www.denzai-net.jp/item_panelboard-box/FOK-1A.htm",""
"www.denzai-net.jp","FOP-11A|FRP樹脂製プラボックス(屋根付)","FOP-11A","<th>商品情報</th> 
<td> 規格：350×484×200 片扉<br> 入数：1<br> 単位：面<br> </td>","54000.0","1","","http://www.denzai-net.jp/item_panelboard-box/FOP-11A.htm",""
"www.denzai-net.jp","FRP100X100X100|ＦＲＰ樹脂製プルボックス","FRP100X100X100","<th>商品情報</th> 
<td> 規格：100×100×100<br> 入数：1<br> 単位：面<br> </td>","9482.0","1","","http://www.denzai-net.jp/item_panelboard-box/FRP100X100X100.htm",""
"www.denzai-net.jp","K16-43|仮設キャビネット","K16-43","<th>商品情報</th> 
<td> 規格：400×355×160 片扉<br> 入数：1<br> 単位：面<br> </td>","17388.0","1","","http://www.denzai-net.jp/item_panelboard-box/K16-43.htm",""
"www.denzai-net.jp","M-11B|引込計器盤キャビネット(水切、防塵・防水パッキン付)","M-11B","<th>商品情報</th> 
<td> 規格：300×400×200 木ベース<br> 入数：1<br> 単位：面<br> </td>","18144.0","1","","http://www.denzai-net.jp/item_panelboard-box/M-11B.htm",""
"www.denzai-net.jp","MFMB02|メタルエフモールS号 ブッシング","MFMB02","<th>商品情報</th> 
<td> 規格：ホワイト<br> 入数：1<br> 単位：本<br> </td>","51.0","1","","http://www.denzai-net.jp/item_mall-duct/MFMB02.htm",""
"www.denzai-net.jp","MFMD02|メタルエフモールS号 デズミ","MFMD02","<th>商品情報</th> 
<td> 規格：ホワイト<br> 入数：1<br> 単位：本<br> </td>","96.0","1","","http://www.denzai-net.jp/item_mall-duct/MFMD02.htm",""
"www.denzai-net.jp","MFME02|メタルエフモールS号 エンド","MFME02","<th>商品情報</th> 
<td> 規格：ホワイト<br> 入数：1<br> 単位：本<br> </td>","134.0","1","","http://www.denzai-net.jp/item_mall-duct/MFME02.htm",""
"www.denzai-net.jp","MFMFJ02|メタルエフモールS号フレキジョイント","MFMFJ02","<th>商品情報</th> 
<td> 規格：ホワイト<br> 入数：1<br> 単位：本<br> </td>","226.0","1","","http://www.denzai-net.jp/item_mall-duct/MFMFJ02.htm",""
"www.denzai-net.jp","MFMJC02|メタルエフモールSジョイントカバー","MFMJC02","<th>商品情報</th> 
<td> 規格：ホワイト<br> 入数：1<br> 単位：本<br> </td>","46.0","1","","http://www.denzai-net.jp/item_mall-duct/MFMJC02.htm",""
"www.denzai-net.jp","MFMK1|マタルエフモールカッター","MFMK1","<th>商品情報</th> 
<td> 入数：1<br> 単位：本<br> </td>","47844.0","1","","http://www.denzai-net.jp/item_mall-duct/MFMK1.htm",""
"www.denzai-net.jp","MFT0102|メタルエフモールS号 L1000","MFT0102","<th>商品情報</th> 
<td> 規格：ホワイト<br> 入数：1<br> 単位：本<br> </td>","235.0","1","","http://www.denzai-net.jp/item_mall-duct/MFT0102.htm",""
"www.denzai-net.jp","DH1541|ダブルコンセントプラグ2型","DH1541","<th>商品情報</th> 
<td> 規格：オフホワイト<br> 入数：1<br> 単位：個<br> </td>","1544.0","1","","http://www.denzai-net.jp/item_mall-duct/DH1541.htm",""
"www.denzai-net.jp","DH2311|ファクトライン60","DH2311","<th>商品情報</th> 
<td> 規格：本体 1ｍ<br> 入数：1<br> 単位：本<br> </td>","6620.0","1","","http://www.denzai-net.jp/item_mall-duct/DH2311.htm",""
"www.denzai-net.jp","DH4711B|ギャラリーライン本体","DH4711B","<th>商品情報</th> 
<td> 規格：1ｍ 黒<br> 入数：1<br> 単位：本<br> </td>","4471.0","1","","http://www.denzai-net.jp/item_mall-duct/DH4711B.htm",""
"www.denzai-net.jp","DH5011|トロリーワイヤ","DH5011","<th>商品情報</th> 
<td> 規格：90A<br> 入数：1<br> 単位：個<br> </td>","4406.0","1","","http://www.denzai-net.jp/item_mall-duct/DH5011.htm",""
"www.denzai-net.jp","DH6000|ローラタイプトロリー用コレクタ","DH6000","<th>商品情報</th> 
<td> 規格：コレクタ2P5A<br> 入数：1<br> 単位：個<br> </td>","6037.0","1","","http://www.denzai-net.jp/item_mall-duct/DH6000.htm",""
"www.denzai-net.jp","DZA145E|コーナーボックス","DZA145E","<th>商品情報</th> 
<td> 規格：A型 ミルキーホワイト<br> 入数：1<br> 単位：個<br> </td>","545.0","1","","http://www.denzai-net.jp/item_mall-duct/DZA145E.htm",""
"www.denzai-net.jp","DZA152E|ジャンクションボックス 丸型","DZA152E","<th>商品情報</th> 
<td> 規格：A型 ミルキーホワイト<br> 入数：1<br> 単位：個<br> </td>","529.0","1","","http://www.denzai-net.jp/item_mall-duct/DZA152E.htm",""
"www.denzai-net.jp","DZA161E|1個用スイッチボックス 浅型","DZA161E","<th>商品情報</th> 
<td> 規格：A型専用 ミルキーホワイト<br> 入数：1<br> 単位：個<br> </td>","702.0","1","","http://www.denzai-net.jp/item_mall-duct/DZA161E.htm",""
"www.denzai-net.jp","DZM101H|ジョイントキャップ 1ウェイ用","DZM101H","<th>商品情報</th> 
<td> 規格：樹脂製　1ウェイ用<br> 入数：1<br> 単位：個<br> </td>","105.0","1","","http://www.denzai-net.jp/item_mall-duct/DZM101H.htm",""
"www.denzai-net.jp","25CT|ワゴンモール用カーペットテープ　３０枚入","25CT","<th>商品情報</th> 
<td> 規格：25×100×3ミリ<br> 入数：1<br> 単位：セット<br> </td>","1523.0","1","","http://www.denzai-net.jp/item_mall-duct/25CT.htm",""
"www.denzai-net.jp","EMC-1B|コーナージョイント　１号","EMC-1B","<th>商品情報</th> 
<td> 規格：茶<br> 入数：1<br> 単位：袋<br> </td>","1285.0","1","","http://www.denzai-net.jp/item_mall-duct/EMC-1B.htm",""
"www.denzai-net.jp","PVR-0J|露出１コ用スイッチボックス　ブランクタイプ　ベージュ","PVR-0J","<th>商品情報</th> 
<td> 規格：ブランクタイプ ベージュ<br> 入数：1<br> 単位：個<br> </td>","335.0","1","","http://www.denzai-net.jp/item_conduit-pipe-accessories/PVR-0J.htm",""
"www.denzai-net.jp","PVU|ユニバーサルボックス　グレー　ＬＬ・ＬＢ・Ｔ兼用ノック付","PVU","<th>商品情報</th> 
<td> 規格：LL・LB・T兼用ノック付<br> 入数：1<br> 単位：個<br> </td>","475.0","1","","http://www.denzai-net.jp/item_conduit-pipe-accessories/PVU.htm",""
"www.denzai-net.jp","VE-14J2|ＶＥ電線管　呼び径１４　２０本入","VE-14J2","<th>商品情報</th> 
<td> 規格：L2ｍ ベージュ 高耐候性<br> 入数：1<br> 単位：セット<br> </td>","3326.0","1","","http://www.denzai-net.jp/item_conduit-pipe-accessories/VE-14J2.htm",""
"www.denzai-net.jp","DS1419K|ブッシング(薄鋼用)　C19","DS1419K","<th>商品情報</th> 
<td> 規格：C19<br> 入数：1<br> 単位：個<br> </td>","41.0","1","","http://www.denzai-net.jp/item_conduit-pipe-accessories/DS1419K.htm",""
"www.denzai-net.jp","HU100|U型ケーブルハンガー100 5個入","HU100","<th>商品情報</th> 
<td> 規格：吊線55-90ミリ<br> 入数：1<br> 単位：セット<br> </td>","1053.0","1","","http://www.denzai-net.jp/item_conduit-pipe-accessories/HU100.htm",""
"www.denzai-net.jp","PLB190|プラバン190","PLB190","<th>商品情報</th> 
<td> 規格：190<br> 入数：1<br> 単位：枚<br> </td>","423.0","1","","http://www.denzai-net.jp/item_conduit-pipe-accessories/PLB190.htm",""
"www.denzai-net.jp","SAK-1916|チャンネル片サドル1916(めっき鋼板仕様)","SAK-1916","<th>商品情報</th> 
<td> 規格：めっき鋼板φ19?22<br> 入数：1<br> 単位：個<br> </td>","41.0","1","","http://www.denzai-net.jp/item_conduit-pipe-accessories/SAK-1916.htm",""
"www.denzai-net.jp","UBK22|ウレタン防護カバー","UBK22","<th>商品情報</th> 
<td> 規格：22<br> 入数：1<br> 単位：箱<br> </td>","1436.0","1","","http://www.denzai-net.jp/item_conduit-pipe-accessories/UBK22.htm",""
"www.denzai-net.jp","104C|パイラッククリップ　Ｇ１０４","104C","<th>商品情報</th> 
<td> 規格：電線管支持金具<br> 入数：1<br> 単位：組<br> </td>","184.0","1","","http://www.denzai-net.jp/item_conduit-pipe-accessories/104C.htm",""
"www.denzai-net.jp","32W|ケーブル支持金具","32W","<th>商品情報</th> 
<td> 規格：形鋼材取付用 32φ<br> 入数：1<br> 単位：個<br> </td>","109.0","1","","http://www.denzai-net.jp/item_conduit-pipe-accessories/32W.htm",""
"www.denzai-net.jp","C-ZM6-120|全ネジボルト","C-ZM6-120","<th>商品情報</th> 
<td> 規格：M6×120ミリ 20本入<br> 入数：1<br> 単位：袋<br> </td>","366.0","1","","http://www.denzai-net.jp/item_conduit-pipe-accessories/C-ZM6-120.htm",""
"www.denzai-net.jp","K10AP|軽量形鋼用止め金具　電線管支持用","K10AP","<th>商品情報</th> 
<td> 規格：電線管支持用<br> 入数：1<br> 単位：個<br> </td>","109.0","1","","http://www.denzai-net.jp/item_conduit-pipe-accessories/K10AP.htm",""
"www.denzai-net.jp","102EC0530|漏電ブレーカ OC付 50A","102EC0530","<th>商品情報</th> 
<td> 規格：100-200 2P100AF30ｍA<br> 入数：1<br> 単位：台<br> </td>","14688.0","1","","http://www.denzai-net.jp/item_timeswitch-breaker/102EC0530.htm",""
"www.denzai-net.jp","AOC15|再通電保護プラグ 100V15A3極","AOC15","<th>商品情報</th> 
<td> 規格：100Ｖ15Ａ3極<br> 入数：1<br> 単位：個<br> </td>","5400.0","1","","http://www.denzai-net.jp/item_timeswitch-breaker/AOC15.htm",""
"www.denzai-net.jp","B1EA03|安全ブレーカ","B1EA03","<th>商品情報</th> 
<td> 規格：110V 2P1E 30AF 3A<br> 入数：1<br> 単位：個<br> </td>","1296.0","1","","http://www.denzai-net.jp/item_timeswitch-breaker/B1EA03.htm",""
"www.denzai-net.jp","BD103E07|ボックスブレーカ 18.5KW","BD103E07","<th>商品情報</th> 
<td> 規格：460V 3P100AF 75A<br> 入数：1<br> 単位：台<br> </td>","22032.0","1","","http://www.denzai-net.jp/item_timeswitch-breaker/BD103E07.htm",""
"www.denzai-net.jp","CB32X2P10A|安全ブレーカ","CB32X2P10A","<th>商品情報</th> 
<td> 規格：2P2E 10A<br> 入数：1<br> 単位：個<br> </td>","918.0","1","","http://www.denzai-net.jp/item_timeswitch-breaker/CB32X2P10A.htm",""
"www.denzai-net.jp","DCS3P30A|切換カバースイッチ 250V 3P 30A","DCS3P30A","<th>商品情報</th> 
<td> 規格：250V 3P 30A<br> 入数：1<br> 単位：台<br> </td>","2570.0","1","","http://www.denzai-net.jp/item_timeswitch-breaker/DCS3P30A.htm",""
"www.denzai-net.jp","GE102A2P100AF30|漏電ブレーカ","GE102A2P100AF30","<th>商品情報</th> 
<td> 規格：2P100A 30ｍA<br> 入数：1<br> 単位：個<br> </td>","14904.0","1","","http://www.denzai-net.jp/item_timeswitch-breaker/GE102A2P100AF30.htm",""
"www.denzai-net.jp","PG31A2P30AF15|プチスリム漏電ブレーカ","PG31A2P30AF15","<th>商品情報</th> 
<td> 規格：2P30A F15ｍA<br> 入数：1<br> 単位：個<br> </td>","4417.0","1","","http://www.denzai-net.jp/item_timeswitch-breaker/PG31A2P30AF15.htm",""
"www.denzai-net.jp","BA902|サーキットプロテクタ付属品","BA902","<th>商品情報</th> 
<td> 規格：栓型ヒューズ互換用金具<br> 入数：1<br> 単位：個<br> </td>","81.0","1","","http://www.denzai-net.jp/item_timeswitch-breaker/BA902.htm",""
"www.denzai-net.jp","BCB3100NK|エンクロブレーカ","BCB3100NK","<th>商品情報</th> 
<td> 規格：3P100A<br> 入数：1<br> 単位：個<br> </td>","17280.0","1","","http://www.denzai-net.jp/item_timeswitch-breaker/BCB3100NK.htm",""
"www.denzai-net.jp","BJ340325N1|主幹用AB型ブレーカー","BJ340325N1","<th>商品情報</th> 
<td> 規格：3P2E40A 1次圧着式<br> 入数：1<br> 単位：台<br> </td>","9558.0","1","","http://www.denzai-net.jp/item_timeswitch-breaker/BJ340325N1.htm",""
"www.denzai-net.jp","NV50CSA3P15|漏電ブレーカ","NV50CSA3P15","<th>商品情報</th> 
<td> 規格：3P15A 30ｍA 100-200V<br> 入数：1<br> 単位：台<br> </td>","14040.0","1","","http://www.denzai-net.jp/item_timeswitch-breaker/NV50CSA3P15.htm",""
"www.denzai-net.jp","40|引掛埋込コンセント","40","<th>商品情報</th> 
<td> 規格：2P15A 125V<br> 入数：1<br> 単位：個<br> </td>","335.0","1","","http://www.denzai-net.jp/item_wiring-accessories/40.htm",""
"www.denzai-net.jp","532|一般型ベークプラグ","532","<th>商品情報</th> 
<td> 規格：3P50A 250V<br> 入数：1<br> 単位：個<br> </td>","1361.0","1","","http://www.denzai-net.jp/item_wiring-accessories/532.htm",""
"www.denzai-net.jp","ABN101|押ボタンスイッチ平形","ABN101","<th>商品情報</th> 
<td> 規格：黒緑赤セット 30φ 1ｂ<br> 入数：1<br> 単位：個<br> </td>","724.0","1","","http://www.denzai-net.jp/item_wiring-accessories/ABN101.htm",""
"www.denzai-net.jp","APN116DNG|パイロットライト","APN116DNG","<th>商品情報</th> 
<td> 規格：30φ用 AC110V 緑<br> 入数：1<br> 単位：個<br> </td>","1793.0","1","","http://www.denzai-net.jp/item_wiring-accessories/APN116DNG.htm",""
"www.denzai-net.jp","ASLN21611DNG|照光セレクタスイッチ 90゜2ノッチ","ASLN21611DNG","<th>商品情報</th> 
<td> 規格：30φ AC100/110V 緑<br> 入数：1<br> 単位：個<br> </td>","3337.0","1","","http://www.denzai-net.jp/item_wiring-accessories/ASLN21611DNG.htm",""
"www.denzai-net.jp","AZ11N|AZ形電磁ブザー","AZ11N","<th>商品情報</th> 
<td> 規格：AC110V 連続10分<br> 入数：1<br> 単位：個<br> </td>","4925.0","1","","http://www.denzai-net.jp/item_wiring-accessories/AZ11N.htm",""
"www.denzai-net.jp","NKWLC10N3PW|埋込ライトコントロール","NKWLC10N3PW","<th>商品情報</th> 
<td> 規格：3路スイッチ付き<br> 入数：1<br> 単位：個<br> </td>","6318.0","1","","http://www.denzai-net.jp/item_wiring-accessories/NKWLC10N3PW.htm",""
"www.denzai-net.jp","TFB02100|継リング","TFB02100","<th>商品情報</th> 
<td> 規格：5型用<br> 入数：1<br> 単位：個<br> </td>","658.0","1","","http://www.denzai-net.jp/item_wiring-accessories/TFB02100.htm",""
"www.denzai-net.jp","HGC-CCG|引込口カバー","HGC-CCG","<th>商品情報</th> 
<td> 規格：通信用 クラシックゴールド<br> 入数：1<br> 単位：個<br> </td>","713.0","1","","http://www.denzai-net.jp/item_wiring-accessories/HGC-CCG.htm",""
"www.denzai-net.jp","BBL21111|2線式パワーリモコンスイッチ","BBL21111","<th>商品情報</th> 
<td> 規格：埋込型 AC100V用1回路<br> 入数：1<br> 単位：個<br> </td>","1274.0","1","","http://www.denzai-net.jp/item_wiring-accessories/BBL21111.htm",""
"www.denzai-net.jp","ECE151|小電力型ワイヤレス","ECE151","<th>商品情報</th> 
<td> 規格：チャイムコール<br> 入数：1<br> 単位：個<br> </td>","21838.0","1","","http://www.denzai-net.jp/item_wiring-accessories/ECE151.htm",""
"www.denzai-net.jp","EE4313|門灯スイッチ AC100V 3A","EE4313","<th>商品情報</th> 
<td> 規格：AC100V 3A<br> 入数：1<br> 単位：個<br> </td>","1728.0","1","","http://www.denzai-net.jp/item_wiring-accessories/EE4313.htm",""
"www.denzai-net.jp","WG1000|フル角型引掛シーリング 6A 125V","WG1000","<th>商品情報</th> 
<td> 規格：6A 125V<br> 入数：1<br> 単位：個<br> </td>","76.0","1","","http://www.denzai-net.jp/item_wiring-accessories/WG1000.htm",""
"www.denzai-net.jp","WN4001|フルカラーナイトライト 1連 15A125V スイッチコンセント付","WN4001","<th>商品情報</th> 
<td> 規格：15A125V スイッチコンセント付<br> 入数：1<br> 単位：個<br> </td>","1339.0","1","","http://www.denzai-net.jp/item_wiring-accessories/WN4001.htm",""
"www.denzai-net.jp","EME-1B|エンド　１号","EME-1B","<th>商品情報</th> 
<td> 規格：茶<br> 入数：1<br> 単位：袋<br> </td>","1285.0","1","","http://www.denzai-net.jp/item_mall-duct/EME-1B.htm",""
"www.denzai-net.jp","EMF-1B|フリージョイント　１号","EMF-1B","<th>商品情報</th> 
<td> 規格：茶<br> 入数：1<br> 単位：袋<br> </td>","1814.0","1","","http://www.denzai-net.jp/item_mall-duct/EMF-1B.htm",""
"www.denzai-net.jp","EMS-1B|ストレート　１号","EMS-1B","<th>商品情報</th> 
<td> 規格：茶<br> 入数：1<br> 単位：袋<br> </td>","1285.0","1","","http://www.denzai-net.jp/item_mall-duct/EMS-1B.htm",""
"www.denzai-net.jp","MSB-1B|モール用スイッチボックス　１個用　茶","MSB-1B","<th>商品情報</th> 
<td> 規格：1個用 茶<br> 入数：1<br> 単位：個<br> </td>","335.0","1","","http://www.denzai-net.jp/item_mall-duct/MSB-1B.htm",""
"www.denzai-net.jp","EC801G|超音波ねこフン害軽減器","EC801G","<th>商品情報</th> 
<td> 規格：ねこちゃんしない<br> 入数：1<br> 単位：台<br> </td>","8186.0","1","","http://www.denzai-net.jp/item_security/EC801G.htm",""
"www.denzai-net.jp","EK1300|ガード番","EK1300","<th>商品情報</th> 
<td> 入数：1<br> 単位：面<br> </td>","29376.0","1","","http://www.denzai-net.jp/item_security/EK1300.htm",""
"www.denzai-net.jp","EK3712|レバーハンドル付電気錠","EK3712","<th>商品情報</th> 
<td> 規格：ML型 V18<br> 入数：1<br> 単位：台<br> </td>","45468.0","1","","http://www.denzai-net.jp/item_security/EK3712.htm",""
"www.denzai-net.jp","WCS5682K|2分配器 (電流通過形)","WCS5682K","<th>商品情報</th> 
<td> 規格：(電流通過形)<br> 入数：1<br> 単位：個<br> </td>","1534.0","1","","http://www.denzai-net.jp/item_media/WCS5682K.htm",""
"www.denzai-net.jp","WN4811|埋込絶縁スピーカターミナル","WN4811","<th>商品情報</th> 
<td> 入数：1<br> 単位：個<br> </td>","918.0","1","","http://www.denzai-net.jp/item_media/WN4811.htm",""
"www.denzai-net.jp","SUS1.6|ステンレス線","SUS1.6","<th>商品情報</th> 
<td> 規格：1.6 100ｍ巻<br> 入数：1<br> 単位：巻<br> </td>","2786.0","1","","http://www.denzai-net.jp/item_media/SUS1_6.htm",""
"www.denzai-net.jp","ATC-L|ATC-L｜ブラケットフック","ATC-L","<th>商品情報</th> 
<td> 規格：ダイア製金具使用時対応<br> 入数：1<br> 単位：個<br> </td>","378.0","1","","http://www.denzai-net.jp/item_lighting/ATC-L.htm",""
"www.denzai-net.jp","F3|アイランプホルダ接続具 バイス","F3","<th>商品情報</th> 
<td> 規格：バイス<br> 入数：1<br> 単位：個<br> </td>","1134.0","1","","http://www.denzai-net.jp/item_lighting/F3.htm",""
"www.denzai-net.jp","E1713|E17 耳付レセップ","E1713","<th>商品情報</th> 
<td> 入数：1<br> 単位：個<br> </td>","146.0","1","","http://www.denzai-net.jp/item_lighting/E1713.htm",""
"www.denzai-net.jp","91|セード 外燈型","91","<th>商品情報</th> 
<td> 規格：外燈型<br> 入数：1<br> 単位：個<br> </td>","248.0","1","","http://www.denzai-net.jp/item_lighting/91.htm",""
"www.denzai-net.jp","BN90051|信号装置中継盤","BN90051","<th>商品情報</th> 
<td> 規格：誘導灯用 3線式用<br> 入数：1<br> 単位：面<br> </td>","9180.0","1","","http://www.denzai-net.jp/item_lighting/BN90051.htm",""
"www.denzai-net.jp","FA01909ZGL|壁埋込型","FA01909ZGL","<th>商品情報</th> 
<td> 規格：GL6×1殺菌灯<br> 入数：1<br> 単位：台<br> </td>","18144.0","1","","http://www.denzai-net.jp/item_lighting/FA01909ZGL.htm",""
"www.denzai-net.jp","FHK21350|乳白パネル","FHK21350","<th>商品情報</th> 
<td> 規格：HFグレアレス<br> 入数：1<br> 単位：台<br> </td>","1739.0","1","","http://www.denzai-net.jp/item_lighting/FHK21350.htm",""
"www.denzai-net.jp","SP7080|シーリングファン","SP7080","<th>商品情報</th> 
<td> 規格：ホワイト<br> 入数：1<br> 単位：台<br> </td>","36450.0","1","","http://www.denzai-net.jp/item_lighting/SP7080.htm",""
"www.denzai-net.jp","YB15820H2|高天井ホルダ安定器","YB15820H2","<th>商品情報</th> 
<td> 規格：装備型 HID200<br> 入数：1<br> 単位：台<br> </td>","19332.0","1","","http://www.denzai-net.jp/item_lighting/YB15820H2.htm",""
"www.denzai-net.jp","BMJ-21|BMJ-21｜バイメタルホルソーJ型","BMJ-21","<th>商品情報</th> 
<td> 規格：充電対応 六角軸21ミリ<br> 入数：1<br> 単位：本<br> </td>","1912.0","1","","http://www.denzai-net.jp/item_tool/BMJ-21.htm",""
"www.denzai-net.jp","8|圧着工具","8","<th>商品情報</th> 
<td> 規格：手動工具 CE-2・5・8用<br> 入数：1<br> 単位：台<br> </td>","9299.0","1","","http://www.denzai-net.jp/item_tool/8.htm",""
"www.denzai-net.jp","TAMAL|玉碍子 大","TAMAL","<th>商品情報</th> 
<td> 入数：1<br> 単位：個<br> </td>","648.0","1","","http://www.denzai-net.jp/item_pillars/TAMAL.htm",""
"www.denzai-net.jp","TURIKUGI|釣釘","TURIKUGI","<th>商品情報</th> 
<td> 入数：1<br> 単位：本<br> </td>","100.0","1","","http://www.denzai-net.jp/item_pillars/TURIKUGI.htm",""
"www.denzai-net.jp","212220|組合わせボルト","212220","<th>商品情報</th> 
<td> 入数：1<br> 単位：本<br> </td>","97.0","1","","http://www.denzai-net.jp/item_pillars/212220.htm",""
"www.denzai-net.jp","GG25-55|ダブルGメジャー25X55","GG25-55","<th>商品情報</th> 
<td> 入数：1<br> 単位：個<br> </td>","2419.0","1","","http://www.denzai-net.jp/item_tool/GG25-55.htm",""
"www.denzai-net.jp","KOGATAA|コ型金物アーム用 75ミリ","KOGATAA","<th>商品情報</th> 
<td> 規格：75ミリ<br> 入数：100<br> 単位：個<br> </td>","22356.0","1","","http://www.denzai-net.jp/item_pillars/KOGATAA.htm",""
"www.denzai-net.jp","A-405HN|ボードアンカー 1~5mm(50個入)","A-405HN","<th>商品情報</th> 
<td> 規格：1?5ｍｍ(50個入)<br> 入数：1<br> 単位：パック<br> </td>","1166.0","1","","http://www.denzai-net.jp/item_tool/A-405HN.htm",""
"www.denzai-net.jp","AC-4200|アワコンスリック 420ミリリットル","AC-4200","<th>商品情報</th> 
<td> 規格：420ミリリットル<br> 入数：1<br> 単位：本<br> </td>","1685.0","1","","http://www.denzai-net.jp/item_tool/AC-4200.htm",""
"www.denzai-net.jp","AL-BKS-65|スリーブセット 65φアイボリー","AL-BKS-65","<th>商品情報</th> 
<td> 規格：65φアイボリー<br> 入数：1<br> 単位：個<br> </td>","372.0","1","","http://www.denzai-net.jp/item_tool/AL-BKS-65.htm",""
"www.denzai-net.jp","ALF-11|アルミフック","ALF-11","<th>商品情報</th> 
<td> 規格：L<br> 入数：1<br> 単位：個<br> </td>","2711.0","1","","http://www.denzai-net.jp/item_tool/ALF-11.htm",""
"www.denzai-net.jp","AW-500|マルチアワフォーム 500ミリリットル","AW-500","<th>商品情報</th> 
<td> 規格：1液型硬質ウレタンフォーム<br> 入数：1<br> 単位：本<br> </td>","3121.0","1","","http://www.denzai-net.jp/item_tool/AW-500.htm",""
"www.denzai-net.jp","BDC-65|ビットドリルチャック","BDC-65","<th>商品情報</th> 
<td> 入数：1<br> 単位：個<br> </td>","1868.0","1","","http://www.denzai-net.jp/item_tool/BDC-65.htm",""
"www.denzai-net.jp","BDS-200|ドライバー型押切ノコ","BDS-200","<th>商品情報</th> 
<td> 入数：1<br> 単位：個<br> </td>","1253.0","1","","http://www.denzai-net.jp/item_tool/BDS-200.htm",""
"www.denzai-net.jp","B-KIT-A|BNCツールキット BNCコネクターなし","B-KIT-A","<th>商品情報</th> 
<td> 規格：BNCコネクターなし<br> 入数：1<br> 単位：組<br> </td>","18684.0","1","","http://www.denzai-net.jp/item_tool/B-KIT-A.htm",""
"www.denzai-net.jp","B-KIT-C|BNCツールキット","B-KIT-C","<th>商品情報</th> 
<td> 入数：1<br> 単位：組<br> </td>","23112.0","1","","http://www.denzai-net.jp/item_tool/B-KIT-C.htm",""
"www.denzai-net.jp","BP-4420|ベルトパックスL スケルトン小箱20個入り","BP-4420","<th>商品情報</th> 
<td> 規格：スケルトン小箱20個入り<br> 入数：1<br> 単位：個<br> </td>","4514.0","1","","http://www.denzai-net.jp/item_tool/BP-4420.htm",""
"www.denzai-net.jp","CFD-11P|コンクリートFダッコサドル VVF用(65個入)","CFD-11P","<th>商品情報</th> 
<td> 規格：VVF用(65個入)<br> 入数：1<br> 単位：パック<br> </td>","1674.0","1","","http://www.denzai-net.jp/item_tool/CFD-11P.htm",""
"www.denzai-net.jp","CP-004|デジタルリーククランプテスター","CP-004","<th>商品情報</th> 
<td> 規格：テスター<br> 入数：1<br> 単位：台<br> </td>","35964.0","1","","http://www.denzai-net.jp/item_tool/CP-004.htm",""
"www.denzai-net.jp","DB-123L|ベルトサスペンダー 1100~1370mm","DB-123L","<th>商品情報</th> 
<td> 規格：1100?1370ｍｍ<br> 入数：1<br> 単位：個<br> </td>","5486.0","1","","http://www.denzai-net.jp/item_tool/DB-123L.htm",""
"www.denzai-net.jp","DC-0555|ミニ圧着工具 裸端子・PBスリーブ用","DC-0555","<th>商品情報</th> 
<td> 規格：裸端子・PBスリーブ用<br> 入数：1<br> 単位：個<br> </td>","5573.0","1","","http://www.denzai-net.jp/item_tool/DC-0555.htm",""
"www.denzai-net.jp","DLC-330S|ランプチェンジャーセット DLCAP33+キャッチヘッド4種","DLC-330S","<th>商品情報</th> 
<td> 規格：DLCAP33+キャッチヘッド4種<br> 入数：1<br> 単位：組<br> </td>","24084.0","1","","http://www.denzai-net.jp/item_tool/DLC-330S.htm",""
"www.denzai-net.jp","DR-300|ドラマワール 耐荷重300kg","DR-300","<th>商品情報</th> 
<td> 規格：耐荷重300ｋｇ<br> 入数：1<br> 単位：台<br> </td>","14580.0","1","","http://www.denzai-net.jp/item_tool/DR-300.htm",""
"www.denzai-net.jp","DRW-1800|ドラウェットクリーナー 乾湿両用","DRW-1800","<th>商品情報</th> 
<td> 規格：乾湿両用<br> 入数：1<br> 単位：台<br> </td>","21060.0","1","","http://www.denzai-net.jp/item_tool/DRW-1800.htm",""
"www.denzai-net.jp","EFD40-SSD|電球形蛍光","EFD40-SSD","<th>商品情報</th> 
<td> 入数：1<br> 単位：個<br> </td>","2117.0","1","","http://www.denzai-net.jp/item_tool/EFD40-SSD.htm",""
"www.denzai-net.jp","VA1|絶縁ステップルNO1 100コ入 VVF1.6-2_2.0-2用","VA1","<th>商品情報</th> 
<td> 規格：VVF1.6-2_2.0-2用<br> 入数：1<br> 単位：箱<br> </td>","153.0","1","","http://www.denzai-net.jp/item_tape/VA1.htm",""
"www.denzai-net.jp","M0|セルパック　直線接続　可能外径６?１５φ","M0","<th>商品情報</th> 
<td> 規格：可能外径6-15φ<br> 入数：1<br> 単位：組<br> </td>","3942.0","1","","http://www.denzai-net.jp/item_tape/M0.htm",""
"www.denzai-net.jp","DN-13P|ビスパック90本入 ドリルビス(ナベ)4×13","DN-13P","<th>商品情報</th> 
<td> 規格：ドリルビス(ナベ)4×13<br> 入数：1<br> 単位：パック<br> </td>","332.0","1","","http://www.denzai-net.jp/item_tape/DN-13P.htm",""
"www.denzai-net.jp","6F22NB/1B|ナショナルネオ 黒 ELF化粧箱　10セット入","6F22NB/1B","<th>商品情報</th> 
<td> 規格：9V 1個入ブリスター<br> 入数：1<br> 単位：箱<br> </td>","1544.0","1","","http://www.denzai-net.jp/item_tape/6F22NB_1B.htm",""
"www.denzai-net.jp","1B|ブラケット　１連","1B","<th>商品情報</th> 
<td> 規格：10-20ミリ用<br> 入数：1<br> 単位：個<br> </td>","518.0","1","","http://www.denzai-net.jp/item_tape/1B.htm",""
"www.denzai-net.jp","MHS-DC|埋設標識Ｓ通信ケーブル用","MHS-DC","<th>商品情報</th> 
<td> 規格：150×50 ダブル<br> 入数：1<br> 単位：巻<br> </td>","4849.0","1","","http://www.denzai-net.jp/item_tape/MHS-DC.htm",""
"www.denzai-net.jp","MHS-DJ|埋設標識Ｓ弱電ケーブル用","MHS-DJ","<th>商品情報</th> 
<td> 規格：150×50 ダブル<br> 入数：1<br> 単位：巻<br> </td>","4849.0","1","","http://www.denzai-net.jp/item_tape/MHS-DJ.htm",""
"www.denzai-net.jp","LDC2L-G-E12/D/27/3|LDC2L-G-E12/D/27/3｜LED電球シャンデリアC32形","LDC2L-G-E12/D/27/3","<th>商品情報</th> 
<td> 規格：消費電力:1.8w 全光束:36lm 調光器対応<br> 入数：1<br> 単位：個<br> </td>","4752.0","1","","http://www.denzai-net.jp/item_lamp/LDC2L-G-E12_D_27_3.htm",""
"www.denzai-net.jp","LDA3L-H-E17SV|LED電球 電球色 100V E17 小型電球形","LDA3L-H-E17SV","<th>商品情報</th> 
<td> 規格：消費電力:3.4w 全光束:250lm 人感センサー付<br> 入数：1<br> 単位：個<br> </td>","2678.0","1","","http://www.denzai-net.jp/item_lamp/LDA3L-H-E17SV.htm",""
"www.denzai-net.jp","LDA6L-H-S|LED電球 昼白色 100V E26 一般電球形","LDA6L-H-S","<th>商品情報</th> 
<td> 規格：消費電力:6w 全光束:250lm 人感センサー付<br> 入数：1<br> 単位：個<br> </td>","2160.0","1","","http://www.denzai-net.jp/item_lamp/LDA6L-H-S.htm",""
"www.denzai-net.jp","HF1000X_eye|蛍光形水銀ランプ 130V 1000W","HF1000X_eye","<th>商品情報</th> 
<td> 規格：130V 1000W<br> 入数：1<br> 単位：個<br> </td>","10206.0","1","","http://www.denzai-net.jp/item_lamp/HF1000X_eye.htm",""
"www.denzai-net.jp","MF100LSH/BUP|メタルハライドランプ 蛍光形 下向点灯形","MF100LSH/BUP","<th>商品情報</th> 
<td> 規格：蛍光形 下向点灯形<br> 入数：1<br> 単位：個<br> </td>","7409.0","1","","http://www.denzai-net.jp/item_lamp/MF100LSH_BUP.htm",""
"www.denzai-net.jp","MT150CE-LW/S-2|セラミックメタルハライドランプ","MT150CE-LW/S-2","<th>商品情報</th> 
<td> 規格：150W 温白色 透明形<br> 入数：1<br> 単位：個<br> </td>","12398.0","1","","http://www.denzai-net.jp/item_lamp/MT150CE-LW_S-2.htm",""
"www.denzai-net.jp","NH180FLS|高圧ナトリウム灯 拡散形 180W","NH180FLS","<th>商品情報</th> 
<td> 規格：拡散形 180W<br> 入数：1<br> 単位：個<br> </td>","11340.0","1","","http://www.denzai-net.jp/item_lamp/NH180FLS.htm",""
"www.denzai-net.jp","NHT270TW-LS|高圧ナトリウム灯","NHT270TW-LS","<th>商品情報</th> 
<td> 規格：透明形 270W<br> 入数：1<br> 単位：個<br> </td>","16405.0","1","","http://www.denzai-net.jp/item_lamp/NHT270TW-LS.htm",""
"www.denzai-net.jp","NX135|低圧ナトリウム灯 135W","NX135","<th>商品情報</th> 
<td> 規格：135W<br> 入数：1<br> 単位：個<br> </td>","25164.0","1","","http://www.denzai-net.jp/item_lamp/NX135.htm",""
"www.denzai-net.jp","RF110V135WH|散光形ランプ 屋外用110V135W","RF110V135WH","<th>商品情報</th> 
<td> 規格：屋外用110V135W<br> 入数：1<br> 単位：個<br> </td>","1382.0","1","","http://www.denzai-net.jp/item_lamp/RF110V135WH.htm",""
"www.denzai-net.jp","LC100V100W/60|シリカ電球 クリヤー 25個入","LC100V100W/60","<th>商品情報</th> 
<td> 規格：100V 100W E26<br> 入数：1<br> 単位：箱<br> </td>","5400.0","1","","http://www.denzai-net.jp/item_lamp/LC100V100W_60.htm",""
"www.denzai-net.jp","FCL15ECWF|パルック蛍光灯 クール 15W 丸形 スタータ形","FCL15ECWF","<th>商品情報</th> 
<td> 規格：15W 丸形 スタータ形<br> 入数：1<br> 単位：本<br> </td>","1037.0","1","","http://www.denzai-net.jp/item_lamp/FCL15ECWF.htm",""
"www.denzai-net.jp","FDL13EXD|ツイン蛍光灯 パルックDAY","FDL13EXD","<th>商品情報</th> 
<td> 規格：13W ツイン2<br> 入数：1<br> 単位：個<br> </td>","1177.0","1","","http://www.denzai-net.jp/item_lamp/FDL13EXD.htm",""
"www.denzai-net.jp","MP-21A|電力量計用取付板","MP-21A","<th>商品情報</th> 
<td> 規格：220×260×30<br> 入数：1<br> 単位：枚<br> </td>","1210.0","1","","http://www.denzai-net.jp/item_panelboard-box/MP-21A.htm",""
"www.denzai-net.jp","OAB12-152|屋外用小型ボックス","OAB12-152","<th>商品情報</th> 
<td> 規格：150×200×120 片扉<br> 入数：1<br> 単位：面<br> </td>","4871.0","1","","http://www.denzai-net.jp/item_panelboard-box/OAB12-152.htm",""
"www.denzai-net.jp","P18W-E2601-B|LEDサイン球E26屋外用 青","P18W-E2601-B","<th>商品情報</th> 
<td> 規格：E26青1W径40ミリ<br> 入数：1<br> 単位：個<br> </td>","2797.0","1","","http://www.denzai-net.jp/item_tool/P18W-E2601-B.htm",""
"www.denzai-net.jp","PBL-30|LEDパランドル 充電式 7時間点灯","PBL-30","<th>商品情報</th> 
<td> 規格：充電式　7時間点灯<br> 入数：1<br> 単位：個<br> </td>","10228.0","1","","http://www.denzai-net.jp/item_tool/PBL-30.htm",""
"www.denzai-net.jp","PCL-60|ハンディクリップランプ 60W耐震電球","PCL-60","<th>商品情報</th> 
<td> 規格：60W耐震電球<br> 入数：1<br> 単位：個<br> </td>","3715.0","1","","http://www.denzai-net.jp/item_tool/PCL-60.htm",""
"www.denzai-net.jp","PDW-VF20|Vフリーライト20W(屋外用) 85~242V","PDW-VF20","<th>商品情報</th> 
<td> 規格：85?242V<br> 入数：1<br> 単位：台<br> </td>","21924.0","1","","http://www.denzai-net.jp/item_tool/PDW-VF20.htm",""
"www.denzai-net.jp","SSR-1100|電工養生フィルムシート 1100mm×25m","SSR-1100","<th>商品情報</th> 
<td> 規格：1100ｍｍ×25ｍ<br> 入数：1<br> 単位：個<br> </td>","711.0","1","","http://www.denzai-net.jp/item_tool/SSR-1100.htm",""
"www.denzai-net.jp","01A200101|引込用金物 L型 腕金 300ミリ","01A200101","<th>商品情報</th> 
<td> 規格：L型 腕金 300ミリ<br> 入数：1<br> 単位：本<br> </td>","329.0","1","","http://www.denzai-net.jp/item_pillars/01A200101.htm",""
"www.denzai-net.jp","KAWATE|作業用手袋","KAWATE","<th>商品情報</th> 
<td> 規格：M寸<br> 入数：1<br> 単位：双<br> </td>","815.0","1","","http://www.denzai-net.jp/item_tool/KAWATE.htm",""
"www.denzai-net.jp","A-409|ボードプラグ ビスタイプ 3-9ミリ 50本入","A-409","<th>商品情報</th> 
<td> 規格：3-9ミリ 50本入<br> 入数：1<br> 単位：箱<br> </td>","2084.0","1","","http://www.denzai-net.jp/item_tool/A-409.htm",""
"www.denzai-net.jp","C2008|ケーブルスライダー スプレータイプ 480ミリリットル","C2008","<th>商品情報</th> 
<td> 規格：スプレータイプ 480ミリリットル<br> 入数：1<br> 単位：缶<br> </td>","1544.0","1","","http://www.denzai-net.jp/item_tool/C2008.htm",""
"www.denzai-net.jp","E-4865|MINIカーボンキャッチャー","E-4865","<th>商品情報</th> 
<td> 入数：1<br> 単位：本<br> </td>","10174.0","1","","http://www.denzai-net.jp/item_tool/E-4865.htm",""
"www.denzai-net.jp","MAT-100WB2|柱上安全帯","MAT-100WB2","<th>商品情報</th> 
<td> 入数：1<br> 単位：本<br> </td>","25380.0","1","","http://www.denzai-net.jp/item_tool/MAT-100WB2.htm",""
"www.denzai-net.jp","MDP-100ABK|充電ドリルドライバー差し","MDP-100ABK","<th>商品情報</th> 
<td> 規格：黒 ショートタイプ<br> 入数：1<br> 単位：本<br> </td>","1523.0","1","","http://www.denzai-net.jp/item_tool/MDP-100ABK.htm",""
"www.denzai-net.jp","MDP-100XBS|充電ドライバー用ホルダー","MDP-100XBS","<th>商品情報</th> 
<td> 規格：ブラック<br> 入数：1<br> 単位：個<br> </td>","4504.0","1","","http://www.denzai-net.jp/item_tool/MDP-100XBS.htm",""
"www.denzai-net.jp","RC305|レジホンカット RC305×3×25.4","RC305","<th>商品情報</th> 
<td> 規格：RC305×3×25.4<br> 入数：1<br> 単位：枚<br> </td>","519.0","1","","http://www.denzai-net.jp/item_tool/RC305.htm",""
"www.denzai-net.jp","KPT-1B|け書きペン　５本入","KPT-1B","<th>商品情報</th> 
<td> 規格：細書き 黒<br> 入数：1<br> 単位：セット<br> </td>","1350.0","1","","http://www.denzai-net.jp/item_tool/KPT-1B.htm",""
"www.denzai-net.jp","WGT-2|WGT-2｜クリア×黄　差込コネクタ 2極（100個入）","WGT-2","<th>商品情報</th> 
<td> 規格：ワゴクリア 100個入<br> 入数：1<br> 単位：箱<br> </td>","1242.0","1","","http://www.denzai-net.jp/item_tape/WGT-2.htm",""
"www.denzai-net.jp","301|アサヒパツト 3KV 屋内外型","301","<th>商品情報</th> 
<td> 規格：8-14SQ用<br> 入数：1<br> 単位：組<br> </td>","9601.0","1","","http://www.denzai-net.jp/item_tape/301.htm",""
"www.denzai-net.jp","MS06NBK|マイティーシール・クーラーパテ 黒 1キロ","MS06NBK","<th>商品情報</th> 
<td> 規格：クーラーパテ黒 1キロ<br> 入数：1<br> 単位：個<br> </td>","535.0","1","","http://www.denzai-net.jp/item_tape/MS06NBK.htm",""
"www.denzai-net.jp","CUF10055|銅爪付ヒューズ　100A 55ミリ　10個入","CUF10055","<th>商品情報</th> 
<td> 規格：100A 55ミリ　10個入<br> 入数：1<br> 単位：箱<br> </td>","778.0","1","","http://www.denzai-net.jp/item_tape/CUF10055.htm",""
"www.denzai-net.jp","BCUS1|銅管用分岐スリーブ 1号 10個セット","BCUS1","<th>商品情報</th> 
<td> 規格：1号<br> 入数：1<br> 単位：セット<br> </td>","1415.0","1","","http://www.denzai-net.jp/item_tape/BCUS1.htm",""
"www.denzai-net.jp","T1002|組端子台","T1002","<th>商品情報</th> 
<td> 規格：カバー付 2P 250V 10A<br> 入数：1<br> 単位：個<br> </td>","162.0","1","","http://www.denzai-net.jp/item_tape/T1002.htm",""
"www.denzai-net.jp","JB1|透明ジョイントボックス 丸形 中","JB1","<th>商品情報</th> 
<td> 規格：丸形 中<br> 入数：10<br> 単位：個<br> </td>","443.0","1","","http://www.denzai-net.jp/item_tape/JB1.htm",""
"www.denzai-net.jp","NCJM001|フィブロック耐火パテ","NCJM001","<th>商品情報</th> 
<td> 規格：500g<br> 入数：1<br> 単位：個<br> </td>","1037.0","1","","http://www.denzai-net.jp/item_tape/NCJM001.htm",""
"www.denzai-net.jp","M4|プラグボルト ナベ頭4ミリ ドリル径7.5ミリ (100)","M4","<th>商品情報</th> 
<td> 規格：ドリル径7.5ミリ (100)<br> 入数：1<br> 単位：本<br> </td>","28.0","1","","http://www.denzai-net.jp/item_tape/M4.htm",""
"www.denzai-net.jp","ASAHIN|アサヒNテープ 自己融着 0.5-19-10m","ASAHIN","<th>商品情報</th> 
<td> 規格：0.5-19-10ｍ<br> 入数：1<br> 単位：巻<br> </td>","1078.0","1","","http://www.denzai-net.jp/item_tape/ASAHIN.htm",""
"www.denzai-net.jp","ASURONRS|アスロンＲＳ接地抵抗低減剤　６キロ×２個（計12キロ）","ASURONRS","<th>商品情報</th> 
<td> 規格：6キロ×2個<br> 入数：1<br> 単位：箱<br> </td>","9763.0","1","","http://www.denzai-net.jp/item_tape/ASURONRS.htm",""
"www.denzai-net.jp","SBC100|締付型ボルトコネクタ　ＢＣ１００　銅線１００゜用","SBC100","<th>商品情報</th> 
<td> 規格：銅線100゜用<br> 入数：1<br> 単位：個<br> </td>","1210.0","1","","http://www.denzai-net.jp/item_tape/SBC100.htm",""
"www.denzai-net.jp","TG-012|ナイロンブッシュ(自在ブッシュ)","TG-012","<th>商品情報</th> 
<td> 規格：内幅1.2ミリ L253ミリ　100本入<br> 入数：1<br> 単位：袋<br> </td>","1976.0","1","","http://www.denzai-net.jp/item_tape/TG-012.htm",""
"www.denzai-net.jp","N-14DB|ノーマルベンド","N-14DB","<th>商品情報</th> 
<td> 規格：VE14用 濃紺 高耐候性<br> 入数：1<br> 単位：個<br> </td>","108.0","1","","http://www.denzai-net.jp/item_conduit-pipe-accessories/N-14DB.htm",""
"www.denzai-net.jp","PVM-0|露出丸型ボックス","PVM-0","<th>商品情報</th> 
<td> 規格：ブランクタイプ グレー<br> 入数：1<br> 単位：個<br> </td>","270.0","1","","http://www.denzai-net.jp/item_conduit-pipe-accessories/PVM-0.htm",""
"www.denzai-net.jp","PVP-1007|ＶＥ　平蓋プルボックス","PVP-1007","<th>商品情報</th> 
<td> 規格：100-100-75 グレー<br> 入数：1<br> 単位：面<br> </td>","1026.0","1","","http://www.denzai-net.jp/item_conduit-pipe-accessories/PVP-1007.htm",""
"www.denzai-net.jp","DR0233NAK|ミニジョインタ","DR0233NAK","<th>商品情報</th> 
<td> 規格：黒色<br> 入数：1<br> 単位：個<br> </td>","643.0","1","","http://www.denzai-net.jp/item_mall-duct/DR0233NAK.htm",""
"www.denzai-net.jp","10ARS10|アングル用振れ止め金具","10ARS10","<th>商品情報</th> 
<td> 規格：10ARアルミラック片側用<br> 入数：1<br> 単位：個<br> </td>","433.0","1","","http://www.denzai-net.jp/item_mall-duct/10ARS10.htm",""
"www.denzai-net.jp","5YSP|ケーブルラックスプレー　５Ｙ７／１　３００ミリリットル","5YSP","<th>商品情報</th> 
<td> 規格：300ミリリットル<br> 入数：1<br> 単位：缶<br> </td>","1164.0","1","","http://www.denzai-net.jp/item_mall-duct/5YSP.htm",""
"www.denzai-net.jp","ARDF2GA|セパレーター継ぎ金具","ARDF2GA","<th>商品情報</th> 
<td> 規格：下部固定用<br> 入数：1<br> 単位：個<br> </td>","150.0","1","","http://www.denzai-net.jp/item_mall-duct/ARDF2GA.htm",""
"www.denzai-net.jp","BK10|立上り支持用ブラケット","BK10","<th>商品情報</th> 
<td> 入数：1<br> 単位：個<br> </td>","757.0","1","","http://www.denzai-net.jp/item_mall-duct/BK10.htm",""
"www.denzai-net.jp","CP1|コンセントプレート","CP1","<th>商品情報</th> 
<td> 規格：ブランクカバー<br> 入数：1<br> 単位：枚<br> </td>","100.0","1","","http://www.denzai-net.jp/item_mall-duct/CP1.htm",""
"www.denzai-net.jp","CV100|直線カバー","CV100","<th>商品情報</th> 
<td> 規格：1010×1500<br> 入数：1<br> 単位：枚<br> </td>","9148.0","1","","http://www.denzai-net.jp/item_mall-duct/CV100.htm",""
"www.denzai-net.jp","CVCBC|端末保護キャップ　１０個入","CVCBC","<th>商品情報</th> 
<td> 規格：カバークランプ用 黒<br> 入数：1<br> 単位：セット<br> </td>","832.0","1","","http://www.denzai-net.jp/item_mall-duct/CVCBC.htm",""
"www.denzai-net.jp","DB1E|ジャンクションボックス","DB1E","<th>商品情報</th> 
<td> 規格：1方出 DP1用<br> 入数：1<br> 単位：個<br> </td>","649.0","1","","http://www.denzai-net.jp/item_mall-duct/DB1E.htm",""
"www.denzai-net.jp","DF10C|蓋止金具","DF10C","<th>商品情報</th> 
<td> 規格：DP10用 SUS製<br> 入数：1<br> 単位：個<br> </td>","134.0","1","","http://www.denzai-net.jp/item_mall-duct/DF10C.htm",""
"www.denzai-net.jp","DG1|継金具　ＤＰ１用","DG1","<th>商品情報</th> 
<td> 規格：DP1用<br> 入数：1<br> 単位：個<br> </td>","208.0","1","","http://www.denzai-net.jp/item_mall-duct/DG1.htm",""
"www.denzai-net.jp","DH1CL|レースウェイ交差支持金具","DH1CL","<th>商品情報</th> 
<td> 規格：形鋼用 横向取付<br> 入数：1<br> 単位：個<br> </td>","192.0","1","","http://www.denzai-net.jp/item_mall-duct/DH1CL.htm",""
"www.denzai-net.jp","DI-1|レースウェイ用エルボ","DI-1","<th>商品情報</th> 
<td> 規格：立面内曲がり DP1用<br> 入数：1<br> 単位：個<br> </td>","516.0","1","","http://www.denzai-net.jp/item_mall-duct/DI-1.htm",""
"www.denzai-net.jp","DK1-6|下向き用器具取付金具　ＤＰ１＿２兼用　耐荷重７５キロ","DK1-6","<th>商品情報</th> 
<td> 規格：DP1_2兼用 耐荷重75キロ<br> 入数：1<br> 単位：個<br> </td>","67.0","1","","http://www.denzai-net.jp/item_mall-duct/DK1-6.htm",""
"www.denzai-net.jp","DPY1-W3|レースウェイ吊金具　Ｗ３／８　ＤＰ１＿２兼用　耐荷重４０キロ","DPY1-W3","<th>商品情報</th> 
<td> 規格：DP1_2兼用 耐荷重40キロ<br> 入数：1<br> 単位：個<br> </td>","153.0","1","","http://www.denzai-net.jp/item_mall-duct/DPY1-W3.htm",""
"www.denzai-net.jp","DU1|盤接続金具","DU1","<th>商品情報</th> 
<td> 規格：DP-1用<br> 入数：1<br> 単位：個<br> </td>","184.0","1","","http://www.denzai-net.jp/item_mall-duct/DU1.htm",""
"www.denzai-net.jp","QRA1030|水平ベンドラック　３０゜","QRA1030","<th>商品情報</th> 
<td> 規格：QR100用 W1000ミリ<br> 入数：1<br> 単位：本<br> </td>","8815.0","1","","http://www.denzai-net.jp/item_mall-duct/QRA1030.htm",""
"www.denzai-net.jp","QRB2|水平自在継金具子桁付","QRB2","<th>商品情報</th> 
<td> 規格：QRラック両側用2個組<br> 入数：1<br> 単位：組<br> </td>","3884.0","1","","http://www.denzai-net.jp/item_mall-duct/QRB2.htm",""
"www.denzai-net.jp","QRE100|上下ベンドラック","QRE100","<th>商品情報</th> 
<td> 規格：QR100用 W1000×L600<br> 入数：1<br> 単位：本<br> </td>","4241.0","1","","http://www.denzai-net.jp/item_mall-duct/QRE100.htm",""
"www.denzai-net.jp","QRG1|継金具","QRG1","<th>商品情報</th> 
<td> 規格：QRラック用 片側のみ<br> 入数：1<br> 単位：個<br> </td>","487.0","1","","http://www.denzai-net.jp/item_mall-duct/QRG1.htm",""
"www.denzai-net.jp","QRT100|Ｔ型分岐ラック","QRT100","<th>商品情報</th> 
<td> 規格：QR100用 W1000×L1900<br> 入数：1<br> 単位：本<br> </td>","14387.0","1","","http://www.denzai-net.jp/item_mall-duct/QRT100.htm",""
"www.denzai-net.jp","10KMS|壁面用マヂックステッカー","10KMS","<th>商品情報</th> 
<td> 規格：10-15ｍ<br> 入数：1<br> 単位：巻<br> </td>","928.0","1","","http://www.denzai-net.jp/item_mall-duct/10KMS.htm",""
"www.denzai-net.jp","FM12|Fモール","FM12","<th>商品情報</th> 
<td> 規格：1号 ホワイト<br> 入数：1<br> 単位：本<br> </td>","165.0","1","","http://www.denzai-net.jp/item_mall-duct/FM12.htm",""
"www.denzai-net.jp","FMD12|Fモール出ズミ","FMD12","<th>商品情報</th> 
<td> 規格：1号 白<br> 入数：1<br> 単位：個<br> </td>","60.0","1","","http://www.denzai-net.jp/item_mall-duct/FMD12.htm",""
"www.denzai-net.jp","FMM12|Fモール曲がり","FMM12","<th>商品情報</th> 
<td> 規格：1号 白<br> 入数：1<br> 単位：個<br> </td>","60.0","1","","http://www.denzai-net.jp/item_mall-duct/FMM12.htm",""
"www.denzai-net.jp","FMR12|Fモール入ズミ","FMR12","<th>商品情報</th> 
<td> 規格：1号 白<br> 入数：1<br> 単位：個<br> </td>","60.0","1","","http://www.denzai-net.jp/item_mall-duct/FMR12.htm",""
"www.denzai-net.jp","MDE01|エムケーダクトエンド 0号","MDE01","<th>商品情報</th> 
<td> 規格：グレー<br> 入数：1<br> 単位：個<br> </td>","82.0","1","","http://www.denzai-net.jp/item_mall-duct/MDE01.htm",""
